info_regime,moderate_gap,strong_gap
macro_core,-0.0038964423482362185,-0.004180119331216254
thin_information,-0.0011320445709780995,-0.003262596917278192
