{
  "baseline": {
    "distribution_mass_sum": 0.9999999999998619,
    "distribution_min_mass": 0.0,
    "budget_residual_max_abs": 0.0,
    "asset_consistency_abs": 3.552713678800501e-15,
    "liquid_consistency_abs": 2.220446049250313e-16,
    "consumption_consistency_abs": 5.551115123125783e-16,
    "asset_market_residual_abs": 2.6645352591003757e-14,
    "goods_market_residual_abs": 2.5058700225955022e-08,
    "irf_is_finite": true,
    "max_abs_irf_output_pct": 0.2182728942730371,
    "mean_mpc": 0.10616847305520215,
    "grid_sensitivity_C_abs": 0.0006836765685069857,
    "grid_sensitivity_Y_abs": 0.0,
    "grid_sensitivity_A_abs": 2.4158453015843406e-13
  },
  "high_phi_pi": {
    "distribution_mass_sum": 0.9999999999998619,
    "distribution_min_mass": 0.0,
    "budget_residual_max_abs": 0.0,
    "asset_consistency_abs": 3.552713678800501e-15,
    "liquid_consistency_abs": 2.220446049250313e-16,
    "consumption_consistency_abs": 5.551115123125783e-16,
    "asset_market_residual_abs": 2.6645352591003757e-14,
    "goods_market_residual_abs": 2.5058700225955022e-08,
    "irf_is_finite": true,
    "max_abs_irf_output_pct": 0.19615691163045063,
    "mean_mpc": 0.10616847305520215,
    "grid_sensitivity_C_abs": 0.0006836765685069857,
    "grid_sensitivity_Y_abs": 0.0,
    "grid_sensitivity_A_abs": 2.4158453015843406e-13
  },
  "high_rho_i": {
    "distribution_mass_sum": 0.9999999999998619,
    "distribution_min_mass": 0.0,
    "budget_residual_max_abs": 0.0,
    "asset_consistency_abs": 3.552713678800501e-15,
    "liquid_consistency_abs": 2.220446049250313e-16,
    "consumption_consistency_abs": 5.551115123125783e-16,
    "asset_market_residual_abs": 2.6645352591003757e-14,
    "goods_market_residual_abs": 2.5058700225955022e-08,
    "irf_is_finite": true,
    "max_abs_irf_output_pct": 0.52244844027975,
    "mean_mpc": 0.10616847305520215,
    "grid_sensitivity_C_abs": 0.0006836765685069857,
    "grid_sensitivity_Y_abs": 0.0,
    "grid_sensitivity_A_abs": 2.4158453015843406e-13
  },
  "low_phi_y": {
    "distribution_mass_sum": 0.9999999999998619,
    "distribution_min_mass": 0.0,
    "budget_residual_max_abs": 0.0,
    "asset_consistency_abs": 3.552713678800501e-15,
    "liquid_consistency_abs": 2.220446049250313e-16,
    "consumption_consistency_abs": 5.551115123125783e-16,
    "asset_market_residual_abs": 2.6645352591003757e-14,
    "goods_market_residual_abs": 2.5058700225955022e-08,
    "irf_is_finite": true,
    "max_abs_irf_output_pct": 0.24915398172194275,
    "mean_mpc": 0.10616847305520215,
    "grid_sensitivity_C_abs": 0.0006836765685069857,
    "grid_sensitivity_Y_abs": 0.0,
    "grid_sensitivity_A_abs": 2.4158453015843406e-13
  },
  "persistent_shock": {
    "distribution_mass_sum": 0.9999999999998619,
    "distribution_min_mass": 0.0,
    "budget_residual_max_abs": 0.0,
    "asset_consistency_abs": 3.552713678800501e-15,
    "liquid_consistency_abs": 2.220446049250313e-16,
    "consumption_consistency_abs": 5.551115123125783e-16,
    "asset_market_residual_abs": 2.6645352591003757e-14,
    "goods_market_residual_abs": 2.5058700225955022e-08,
    "irf_is_finite": true,
    "max_abs_irf_output_pct": 0.3867096584715399,
    "mean_mpc": 0.10616847305520215,
    "grid_sensitivity_C_abs": 0.0006836765685069857,
    "grid_sensitivity_Y_abs": 0.0,
    "grid_sensitivity_A_abs": 2.4158453015843406e-13
  },
  "mpc_validation": [
    {
      "категория": "Распределение MPC",
      "момент": "Средняя MPC",
      "значение": 0.10616847305520215
    },
    {
      "категория": "Распределение MPC",
      "момент": "Медианная MPC",
      "значение": 0.08515434219915004
    },
    {
      "категория": "Распределение MPC",
      "момент": "Доля MPC > 0.2",
      "значение": 0.06539822808100489
    },
    {
      "категория": "Распределение MPC",
      "момент": "Доля MPC > 0.3",
      "значение": 4.6263243133064316e-07
    },
    {
      "категория": "Распределение MPC",
      "момент": "Доля MPC > 0.5",
      "значение": 0.0
    },
    {
      "категория": "MPC по группам",
      "момент": "Низкая ликвидность: средняя MPC",
      "значение": 0.15154267159244206
    },
    {
      "категория": "MPC по группам",
      "момент": "Состоятельные с низкой ликвидностью (WHtM): средняя MPC",
      "значение": 0.16688504553663722
    },
    {
      "категория": "MPC по группам",
      "момент": "Высоколиквидные: средняя MPC",
      "значение": 0.030411016976882185
    },
    {
      "категория": "MPC по группам",
      "момент": "Низкая MPC: средняя MPC",
      "значение": 0.03473049052279278
    },
    {
      "категория": "MPC по группам",
      "момент": "Средняя MPC: средняя MPC",
      "значение": 0.09211798577881461
    },
    {
      "категория": "MPC по группам",
      "момент": "Высокая MPC: средняя MPC",
      "значение": 0.18946947779061937
    },
    {
      "категория": "MPC по квантилям ликвидного богатства",
      "момент": "1-й квантиль: средняя MPC",
      "значение": 0.18466196669585455
    },
    {
      "категория": "MPC по квантилям ликвидного богатства",
      "момент": "2-й квантиль: средняя MPC",
      "значение": 0.14964825953876731
    },
    {
      "категория": "MPC по квантилям ликвидного богатства",
      "момент": "3-й квантиль: средняя MPC",
      "значение": 0.11786256756062118
    },
    {
      "категория": "MPC по квантилям ликвидного богатства",
      "момент": "4-й квантиль: средняя MPC",
      "значение": 0.049133794450496614
    },
    {
      "категория": "MPC по квантилям ликвидного богатства",
      "момент": "5-й квантиль: средняя MPC",
      "значение": 0.029644608741828483
    }
  ],
  "transfer_mpc_validation": [
    {
      "категория": "Распределение MPC из трансфертного шока",
      "момент": "Средняя MPC",
      "значение": 0.2768134133998281
    },
    {
      "категория": "Распределение MPC из трансфертного шока",
      "момент": "Медианная MPC",
      "значение": 0.08112283564961835
    },
    {
      "категория": "Распределение MPC из трансфертного шока",
      "момент": "Доля MPC > 0.2",
      "значение": 0.4177850067291831
    },
    {
      "категория": "Распределение MPC из трансфертного шока",
      "момент": "Доля MPC > 0.3",
      "значение": 0.4177850067093651
    },
    {
      "категория": "Распределение MPC из трансфертного шока",
      "момент": "Доля MPC > 0.5",
      "значение": 0.2838814732194813
    },
    {
      "категория": "MPC из трансфертного шока по группам",
      "момент": "Низкая ликвидность: средняя MPC",
      "значение": 0.43908320388985955
    },
    {
      "категория": "MPC из трансфертного шока по группам",
      "момент": "Состоятельные с низкой ликвидностью (WHtM): средняя MPC",
      "значение": 0.4490100901944094
    },
    {
      "категория": "MPC из трансфертного шока по группам",
      "момент": "Высоколиквидные: средняя MPC",
      "значение": 0.030579606021532698
    },
    {
      "категория": "MPC из трансфертного шока по квантилям ликвидного богатства",
      "момент": "1-й квантиль: средняя MPC",
      "значение": 0.6959715210758377
    },
    {
      "категория": "MPC из трансфертного шока по квантилям ликвидного богатства",
      "момент": "2-й квантиль: средняя MPC",
      "значение": 0.4591644493786071
    },
    {
      "категория": "MPC из трансфертного шока по квантилям ликвидного богатства",
      "момент": "3-й квантиль: средняя MPC",
      "значение": 0.1508536847130541
    },
    {
      "категория": "MPC из трансфертного шока по квантилям ликвидного богатства",
      "момент": "4-й квантиль: средняя MPC",
      "значение": 0.04908979815388889
    },
    {
      "категория": "MPC из трансфертного шока по квантилям ликвидного богатства",
      "момент": "5-й квантиль: средняя MPC",
      "значение": 0.02975268603765506
    }
  ],
  "transfer_mpc_spec": {
    "transfer_shock_size": 0.001,
    "transfer_shock_horizon": 4,
    "aggregate_mpc_impact": 0.2768134134004674
  },
  "household_robustness": [
    {
      "scenario": "baseline",