{
  "Y": 1.0,
  "C": 0.5503067452395102,
  "I": 0.1999999999999993,
  "N": 1.0,
  "w": 0.66,
  "pi": -4.1359880323070897e-13,
  "i": 0.012499999998879612,
  "r": 0.0125,
  "ra": 0.012499999999999956,
  "rb": -0.0024999999999999988,
  "output_gap": 0.0,
  "A": 12.960000000000015,
  "B": 1.0400000000000584,
  "Bg": 2.8,
  "G": 0.2,
  "wealth": 14.000000000000073,
  "goods_mkt": 2.5058700225955022e-08,
  "asset_mkt": -2.6645352591003757e-14,
  "tax": 0.3560606060606061
}