{
  "parameters": {
    "alpha": 0.36,
    "beta": 0.99,
    "delta": 0.025,
    "frisch_inverse": 1.0,
    "labor_ss": 0.33,
    "rho": 0.95,
    "sigma": 0.01
  },
  "steady_state": {
    "c": 0.9089280661350523,
    "i": 0.3134113416897559,
    "k": 12.536453667590234,
    "mpk": 0.03510101010101019,
    "n": 0.33,
    "psi": 7.903407847117383,
    "wage": 2.37059763941781,
    "y": 1.2223394078248082,
    "z": 0.0
  }
}
