scenario_name,phi_pi,phi_y,rho_i,mean_cumulative_loss,std_cumulative_loss,mean_policy_loss,mean_policy_volatility,rl_mean_cumulative_loss,misspecified_classical_mean_cumulative_loss,delta_rl_minus_retuned,delta_retuned_minus_misspecified
macro_core_moderate_gap,1.0,0.0,0.85,0.0007243157629500065,0.00024754983211040495,1.2071929382500109e-05,0.00027450963229388927,0.0021636197982130194,0.00652002459987285,0.001439304035263013,-0.005795708836922844
macro_core_strong_gap,1.0,0.0,0.85,0.0007373346724408808,0.00023055291871354586,1.2288911207348013e-05,0.0002885782462740402,0.0023740514787879098,0.00721251104758751,0.001636716806347029,-0.006475176375146629
thin_information_moderate_gap,1.0,0.0,0.85,0.0007084727028628263,0.00024615576942697327,1.1807878381047105e-05,0.0002699068592545271,0.0041827109232359895,0.00707837642399165,0.003474238220373163,-0.006369903721128824
thin_information_strong_gap,1.0,0.0,0.85,0.0007237433074969834,0.0002266440981610696,1.2062388458283055e-05,0.00029320081127174095,0.00689713206711499,0.00825879556223007,0.006173388759618007,-0.0075350522547330875
