info_regime,moderate_gap,strong_gap
macro_core,-0.0033791375846210048,-0.0028833818509401716
thin_information,-0.0014359440861200761,-0.002117053341637287
