info_regime,moderate_gap,strong_gap
macro_core,-0.0054416659483131095,-0.006111972670708293
thin_information,-0.004319395833953459,-0.0032597269626315787
