{
  "belief_vs_fixed_all_ci_below_zero": true,
  "rawobs_vs_fixed_all_ci_below_zero": true,
  "rawobs_vs_belief_positive_ci_scenarios": [
    "thin_information_strong_gap"
  ],
  "fixed_output_share_mean": 0.9656397471509927,
  "belief_output_share_mean": 0.9652622616023512,
  "rawobs_output_share_mean": 0.9660845316136508,
  "fixed_rate_component_mean": 5.149841259706533e-07,
  "belief_rate_component_mean": 2.3074697327841563e-07,
  "rawobs_rate_component_mean": 3.617876949506363e-07,
  "environment_shift_improvement_vs_fixed_range_pct": [
    51.85482064868966,
    61.576252837891715
  ],
  "environment_shift_improvement_vs_retuned_range_pct": [
    -476.975001508872,
    -326.3649595824791
  ]
}