{
  "baseline_observation_design": "full_panel",
  "baseline_scenario": {
    "aggregate_mae": 0.0010274985419769136,
    "aggregate_rmse": 0.0014067100740476537,
    "log_likelihood": 2281.002810497587,
    "max_abs_error": 0.006252340151985271,
    "mean_confidence_band_width": 0.004934084614526371,
    "mean_coverage_95": 0.9375,
    "scenario": "medium",
    "state_metrics": {
      "nu": {
        "correlation": 0.761656302705818,
        "coverage_95": 0.9416666666666667,
        "mae": 0.0016017914170377875,
        "mean_confidence_band_width": 0.00758550341010271,
        "rmse": 0.0020292605678134124
      },
      "r_n": {
        "correlation": 0.9975702273408059,
        "coverage_95": 0.9375,
        "mae": 0.000912778150851092,
        "mean_confidence_band_width": 0.0044133772218853985,
        "rmse": 0.0011249050178751298
      },
      "u": {
        "correlation": 0.9980395031066477,
        "coverage_95": 0.9333333333333333,
        "mae": 0.0005679260580418619,
        "mean_confidence_band_width": 0.0028033732115910065,
        "rmse": 0.0007437674004407606
      }
    }
  },
  "innovation_diagnostics": {
    "i": {
      "innovation_lag1_autocorr": -0.010918630804617914,
      "innovation_mean": -0.0005464787014077039,
      "standardized_innovation_lag1_autocorr": 0.050153587853546885,
      "standardized_innovation_mean": -0.11122916964655778,
      "standardized_innovation_std": 1.0498503256401719
    },
    "pi": {
      "innovation_lag1_autocorr": -0.028578501474029863,
      "innovation_mean": -0.000496513110028998,
      "standardized_innovation_lag1_autocorr": -0.013450279766044421,
      "standardized_innovation_mean": 0.018830100279964325,
      "standardized_innovation_std": 1.0593216152026672
    },
    "x": {
      "innovation_lag1_autocorr": -0.03239720372352074,
      "innovation_mean": 0.0013076259100502999,
      "standardized_innovation_lag1_autocorr": -0.03187332184436708,
      "standardized_innovation_mean": 0.0654620959785291,
      "standardized_innovation_std": 1.0057950251132846
    }
  },
  "monte_carlo": {
    "aggregate_summary": {
      "large": {
        "aggregate_mae_mean": 0.0018089067092038696,
        "aggregate_mae_std": 6.197632949693415e-05,
        "aggregate_rmse_mean": 0.0023256761367465646,
        "aggregate_rmse_std": 9.24912307522893e-05,
        "log_likelihood_mean": 2121.5980233313794,
        "log_likelihood_std": 21.104579625715665,
        "max_abs_error_mean": 0.008629205897632131,
        "max_abs_error_std": 0.001319310180410606,
        "mean_confidence_band_width_mean": 0.008907575067253879,
        "mean_confidence_band_width_std": 0.0,
        "mean_coverage_95_mean": 0.9483333333333333,
        "mean_coverage_95_std": 0.009265044488976628
      },
      "medium": {
        "aggregate_mae_mean": 0.0009985118274332418,
        "aggregate_mae_std": 2.7389320383800983e-05,
        "aggregate_rmse_mean": 0.0013487888814153587,
        "aggregate_rmse_std": 4.863884520368746e-05,
        "log_likelihood_mean": 2310.823191981415,
        "log_likelihood_std": 16.728080377606783,
        "max_abs_error_mean": 0.005908923214772299,
        "max_abs_error_std": 0.0008901331999991005,
        "mean_confidence_band_width_mean": 0.004934084614526371,
        "mean_confidence_band_width_std": 0.0,
        "mean_coverage_95_mean": 0.9522222222222223,
        "mean_coverage_95_std": 0.01111834255418782
      },
      "small": {
        "aggregate_mae_mean": 0.0004140953765300703,
        "aggregate_mae_std": 1.6341522702309304e-05,
        "aggregate_rmse_mean": 0.0005762578233286967,
        "aggregate_rmse_std": 1.99201942200282e-05,
        "log_likelihood_mean": 2396.6455146113994,
        "log_likelihood_std": 21.487455324329762,
        "max_abs_error_mean": 0.0026555047245318945,
        "max_abs_error_std": 0.00030221929462176167,
        "mean_confidence_band_width_mean": 0.0020563850211667333,
        "mean_confidence_band_width_std": 1.5332934166833742e-19,
        "mean_coverage_95_mean": 0.9528888888888889,
        "mean_coverage_95_std": 0.008137356068527939
      }
    },
    "runs": 25,
    "state_summary": {
      "large": {
        "nu": {
          "correlation_mean": 0.40532709183656296,
          "correlation_std": 0.08105310881597826,
          "coverage_95_mean": 0.9461666666666667,
          "coverage_95_std": 0.017260262647673302,
          "mae_mean": 0.002118456420714761,
          "mae_std": 0.00012878927578692016,
          "mean_confidence_band_width_mean": 0.01034065127854941,
          "mean_confidence_band_width_std": 0.0,
          "rmse_mean": 0.0026474438897094443,
          "rmse_std": 0.00017022188189637843
        },
        "r_n": {
          "correlation_mean": 0.9871657567441835,
          "correlation_std": 0.0026496442924857,
          "coverage_95_mean": 0.9515,
          "coverage_95_std": 0.01496910398367498,
          "mae_mean": 0.002063386109838304,
          "mae_std": 9.94497151003467e-05,
          "mean_confidence_band_width_mean": 0.01028075841720429,
          "mean_confidence_band_width_std": 3.540989467475308e-19,
          "rmse_mean": 0.002599490420434296,
          "rmse_std": 0.0001248681518936493
        },
        "u": {
          "correlation_mean": 0.9907291798149244,
          "correlation_std": 0.0012922915947060779,
          "coverage_95_mean": 0.9473333333333334,
          "coverage_95_std": 0.014072398779433705,
          "mae_mean": 0.001244877597058543,
          "mae_std": 5.0671768691985495e-05,
          "mean_confidence_band_width_mean": 0.006101315506007938,
          "mean_confidence_band_width_std": 5.872066725107986e-19,
          "rmse_mean": 0.0015615545436397725,
          "rmse_std": 5.9501195328225936e-05
        }
      },
      "medium": {
        "nu": {
          "correlation_mean": 0.7392339431610934,
          "correlation_std": 0.04166931229964872,
          "coverage_95_mean": 0.9501666666666666,
          "coverage_95_std": 0.0148526715392165,
          "mae_mean": 0.0015385214953549911,
          "mae_std": 5.1785899965924754e-05,
          "mean_confidence_band_width_mean": 0.00758550341010271,
          "mean_confidence_band_width_std": 7.511572993685796e-19,
          "rmse_mean": 0.0019261599757396984,
          "rmse_std": 8.767570841645308e-05
        },
        "r_n": {
          "correlation_mean": 0.9978009276992847,
          "correlation_std": 0.0005278200912447523,
          "coverage_95_mean": 0.9521666666666667,
          "coverage_95_std": 0.018908282527721795,
          "mae_mean": 0.0008885692802562778,
          "mae_std": 4.9238890269856484e-05,
          "mean_confidence_band_width_mean": 0.0044133772218853985,
          "mean_confidence_band_width_std": 3.958946578442785e-19,
          "rmse_mean": 0.0011136100092263533,
          "rmse_std": 5.2367620632658366e-05
        },
        "u": {
          "correlation_mean": 0.9980982675760584,
          "correlation_std": 0.0002537160718747082,
          "coverage_95_mean": 0.9543333333333334,
          "coverage_95_std": 0.013739474085573584,
          "mae_mean": 0.0005684447066884564,
          "mae_std": 2.4616929904277918e-05,
          "mean_confidence_band_width_mean": 0.0028033732115910065,
          "mean_confidence_band_width_std": 1.9794732892213925e-19,
          "rmse_mean": 0.0007094292827913935,
          "rmse_std": 3.2048620251777235e-05
        }
      },
      "small": {
        "nu": {
          "correlation_mean": 0.9526218912163695,
          "correlation_std": 0.006534548606992138,
          "coverage_95_mean": 0.9505,
          "coverage_95_std": 0.011557024479285955,
          "mae_mean": 0.0006916689657614272,
          "mae_std": 3.428903227490419e-05,
          "mean_confidence_band_width_mean": 0.0034389967023558832,
          "mean_confidence_band_width_std": 3.0665868333667484e-19,
          "rmse_mean": 0.0008660871275770511,
          "rmse_std": 3.5007778220457354e-05
        },