{
  "available_observation_designs": {
    "full_panel": [
      "x",
      "pi",
      "i"
    ],
    "policy_panel": [
      "pi",
      "i"
    ]
  },
  "baseline_measurement_noise_scenario": "medium",
  "description": "Linear-Gaussian hidden-state baseline with latent natural-rate, cost-push, and monetary-policy shocks inferred from noisy New Keynesian observables.",
  "hidden_state": [
    "r_n",
    "u",
    "nu"
  ],
  "linearization_point": "zero steady state in gap variables",
  "measurement_equation": {
    "C": [
      [
        0.9647495361781067,
        -1.6528925619834718,
        -0.834710743801653
      ],
      [
        0.4638218923933219,
        1.652892561983471,
        -0.16528925619834736
      ],
      [
        1.178107606679036,
        1.6528925619834705,
        0.3347107438016528
      ]
    ],
    "D": [
      [
        0.0015,
        0.0,
        0.0
      ],
      [
        0.0,
        0.0015,
        0.0
      ],
      [
        0.0,
        0.0,
        0.0015
      ]
    ],
    "R": [
      [
        2.25e-06,
        0.0,
        0.0
      ],
      [
        0.0,
        2.25e-06,
        0.0
      ],
      [
        0.0,
        0.0,
        2.25e-06
      ]
    ]
  },
  "measurement_noise_scenarios": {
    "large": 0.004,
    "medium": 0.0015,
    "small": 0.0005
  },
  "observations": [
    "x",
    "pi",
    "i"
  ],
  "policy_instrument": "i",
  "source_model": "stage2_small_linear_nk",
  "stage": "stage3_hidden_state_baseline",
  "state_transition": {
    "A": [
      [
        0.7999999999999998,
        -3.713889099959217e-16,
        -6.560104317494002e-17
      ],
      [
        0.0,
        0.5,
        -1.6400260793735004e-17
      ],
      [
        0.0,
        0.0,
        0.5
      ]
    ],
    "B": [
      [
        0.01,
        0.0,
        0.0
      ],
      [
        0.0,
        0.01,
        0.0
      ],
      [
        0.0,
        0.0,
        0.0025
      ]
    ],
    "Q": [
      [
        0.0001,
        0.0,
        0.0
      ],
      [
        0.0,
        0.0001,
        0.0
      ],
      [
        0.0,
        0.0,
        6.25e-06
      ]
    ]
  },
  "structural_innovations": [
    "demand",
    "costpush",
    "monetary"
  ],
  "structural_parameters": {
    "beta": 0.99,
    "kappa": 0.1,
    "phi_pi": 1.5,
    "phi_x": 0.5,
    "rho_nu": 0.5,
    "rho_r": 0.8,
    "rho_u": 0.5,
    "sigma": 1.0,
    "sigma_nu": 0.0025,
    "sigma_r": 0.01,
    "sigma_u": 0.01
  }
}
