state,baseline_rmse,policy_panel_rmse,monte_carlo_mean_rmse,misspecified_rmse
r_n,0.0011249050178751298,0.0034820400421145528,0.0011136100092263533,0.0012848122252100854
u,0.0007437674004407606,0.0017872472315118278,0.0007094292827913935,0.0007094894999291672
nu,0.0020292605678134124,0.0031191183033101194,0.0019261599757396984,0.002033851278749299
