{
  "state_names": [
    "rstar_gap",
    "productivity_gap",
    "fiscal_gap",
    "inflation_gap",
    "output_gap",
    "low_liquidity_gap",
    "mean_mpc_gap"
  ],
  "observation_names": [
    "pi",
    "output_gap",
    "C",
    "w",
    "N",
    "share_low_liquidity",
    "mean_mpc"
  ],
  "transition_matrix": [
    [
      0.85,
      0.0,
      0.0,
      0.0,
      0.0,
      0.0,
      0.0
    ],
    [
      0.0,
      0.8,
      0.0,
      0.0,
      0.0,
      0.0,
      0.0
    ],
    [
      0.0,
      0.0,
      0.7,
      0.0,
      0.0,
      0.0,
      0.0
    ],
    [
      0.054920685897196474,
      -0.15556817928135624,
      -0.09492578610973564,
      0.6656846072969194,
      0.05419213194976551,
      -0.008477792523656548,
      0.07803507158042036
    ],
    [
      0.5128538854745496,
      -1.656108936249512,
      -0.9811525602544129,
      2.5601279141747577,
      0.8901221742021478,
      -0.08840181396832486,
      0.7788251138683195
    ],
    [
      0.04828131774729839,
      -0.012181390695689093,
      0.030512787048794357,
      -0.07754903631753643,
      -0.014163766525929437,
      0.3537751429163912,
      0.07227422392850628
    ],
    [
      0.13073530839589112,
      0.6434319527663571,
      0.37904489211521614,
      -0.8692228643061233,
      -0.17956114356633954,
      0.04121945676159595,
      0.010235588425514405
    ]
  ],
  "control_loadings": [
    0.0,
    0.0,
    0.0,
    0.26788889700065105,
    2.650509510657093,
    0.06219367161376432,
    0.22863646541769517
  ],
  "process_noise_cov": [
    [
      4.0001e-08,
      0.0,
      0.0,
      0.0,
      0.0,
      0.0,
      0.0
    ],
    [
      0.0,
      2.5000099999999996e-07,
      0.0,
      0.0,
      0.0,
      0.0,
      0.0
    ],
    [
      0.0,
      0.0,
      1.22501e-07,
      0.0,
      0.0,
      0.0,
      0.0
    ],
    [
      0.0,
      0.0,
      0.0,
      7.39175283220832e-08,
      4.4342632121641267e-07,
      1.0944365380265196e-09,
      -3.7211724744277805e-07
    ],
    [
      0.0,
      0.0,
      0.0,
      4.4342632121641267e-07,
      5.188314691567217e-06,
      2.508862804439661e-09,
      -9.59460969759611e-07
    ],
    [
      0.0,
      0.0,
      0.0,
      1.0944365380265196e-09,
      2.508862804439661e-09,
      6.824464487228696e-09,
      -4.810451038432422e-09
    ],
    [
      0.0,
      0.0,
      0.0,
      -3.7211724744277805e-07,
      -9.59460969759611e-07,
      -4.810451038432422e-09,
      2.58874071594033e-06
    ]
  ],
  "observation_matrix": [
    [
      0.0,
      0.0,
      0.0,
      1.0,
      0.0,
      0.0,
      0.0
    ],
    [
      0.0,
      0.0,
      0.0,
      0.0,
      1.0,
      0.0,
      0.0
    ],
    [
      0.011376135341074676,
      -0.05940044201578851,
      -0.41651893427068126,
      0.006035224882370673,
      0.22000786486835533,
      -0.0596969169562191,
      -0.09777598328536247
    ],
    [
      0.011851699893394437,
      -0.32145765322324443,
      0.06382772645290657,
      -0.5902583702027423,
      0.15384653678382632,
      -0.15629004402313718,
      -0.013820161037961971
    ],
    [
      -0.0058575914460740515,
      -2.30658395444785,
      0.14799384935360266,
      2.454035602118378,
      0.4989014396479815,
      0.2199916396535898,
      0.013726741924831535
    ],
    [
      0.0,
      0.0,
      0.0,
      0.0,
      0.0,
      1.0,
      0.0
    ],
    [
      0.0,
      0.0,
      0.0,
      0.0,
      0.0,
      0.0,
      1.0
    ]
  ],
  "observation_fit_rmse": [
    0.0,
    0.0,
    8.090436559615815e-05,
    0.00015838938868974878,
    0.00016559781579949723,
    0.0,
    0.0
  ],
  "training_summary": {
    "training_periods": 1200.0,
    "mean_abs_transition_residual": 0.0008463657361906519,
    "max_abs_transition_residual": 0.009673239357952015,
    "mean_observation_fit_rmse": 5.7841652869343444e-05,
    "spectral_radius": 2.373209128921598,
    "stability_shrink_factor": 0.40030184800093294
  },
  "steady_state_statistics": {
    "share_low_liquidity": 0.5933819694104534,
    "mean_mpc": 0.10616847305520215
  }
}