{
  "state_names": [
    "rstar_gap",
    "productivity_gap",
    "fiscal_gap",
    "inflation_gap",
    "output_gap",
    "low_liquidity_gap",
    "mean_mpc_gap"
  ],
  "observation_names": [
    "pi",
    "output_gap",
    "C",
    "w",
    "N",
    "share_low_liquidity",
    "mean_mpc"
  ],
  "transition_matrix": [
    [
      0.85,
      0.0,
      0.0,
      0.0,
      0.0,
      0.0,
      0.0
    ],
    [
      0.0,
      0.8,
      0.0,
      0.0,
      0.0,
      0.0,
      0.0
    ],
    [
      0.0,
      0.0,
      0.7,
      0.0,
      0.0,
      0.0,
      0.0
    ],
    [
      0.0549206859418268,
      -0.15556817936807657,
      -0.09492578615581268,
      0.665684607462179,
      0.05419213198162554,
      -0.008477792528899379,
      0.07803507161849185
    ],
    [
      0.5128538854748711,
      -1.6561089363827846,
      -0.9811525602725194,
      2.560127914100739,
      0.8901221742639666,
      -0.08840181398646078,
      0.7788251139035133
    ],
    [
      0.048281317729107466,
      -0.01218139066079123,
      0.030512787074668937,
      -0.07754903639768192,
      -0.014163766541220053,
      0.35377514294193985,
      0.0722742239160328
    ],
    [
      0.13073530816754125,
      0.6434319532275755,
      0.3790448923654828,
      -0.8692228650800428,
      -0.17956114373489634,
      0.04121945678773544,
      0.010235588241320875
    ]
  ],
  "control_loadings": [
    0.0,
    0.0,
    0.0,
    0.2678888971537638,
    2.6505095107613657,
    0.062193671544765954,
    0.22863646466527654
  ],
  "observation_matrix": [
    [
      0.0,
      0.0,
      0.0,
      1.0,
      0.0,
      0.0,
      0.0
    ],
    [
      0.0,
      0.0,
      0.0,
      0.0,
      1.0,
      0.0,
      0.0
    ],
    [
      0.011376135337670165,
      -0.05940044198663355,
      -0.4165189342654908,
      0.006035224920086121,
      0.22000786486195964,
      -0.059696916949776024,
      -0.09777598328954654
    ],
    [
      0.011851699893123362,
      -0.32145765320756975,
      0.06382772645430264,
      -0.5902583701960843,
      0.15384653677974292,
      -0.15629004402074748,
      -0.013820161042417057
    ],
    [
      -0.005857591462209238,
      -2.306583954483766,
      0.1479938493599624,
      2.454035602046142,
      0.4989014396593083,
      0.21999163964693402,
      0.01372674192876486
    ],
    [
      0.0,
      0.0,
      0.0,
      0.0,
      0.0,
      1.0,
      0.0
    ],
    [
      0.0,
      0.0,
      0.0,
      0.0,
      0.0,
      0.0,
      1.0
    ]
  ],
  "observation_fit_rmse": [
    0.0,
    0.0,
    8.090436559910102e-05,
    0.0001583893886851803,
    0.00016559781577053738,
    0.0,
    0.0
  ],
  "steady_state_statistics": {
    "share_low_liquidity": 0.5933819694104534,
    "mean_mpc": 0.10616847305520215
  },
  "training_summary": {
    "training_periods": 1200.0,
    "mean_abs_transition_residual": 0.0008463657361904268,
    "max_abs_transition_residual": 0.009673239358027321,
    "mean_observation_fit_rmse": 5.7841652864974095e-05,
    "spectral_radius": 2.3732091287608768,
    "stability_shrink_factor": 0.40030184802804264
  }
}