info_regime,moderate_gap,strong_gap
macro_core,-0.0036565660969806,-0.0048846886700948
thin_information,-0.0020971951398538,-0.0014692618315217
